Actual Price,Predicted Price (LightGBM)
26000000,24976579.86092844
11111111,949710.5699510662
72000000,80896360.97178876
15500000,16294909.710033126
14790000,12647414.880731458
12000000,15684779.936491871
1175000,1463759.1043354836
1450000,943296.2339702169
5990000,5963832.451685165
23500000,21113903.36765796
7095000,6386899.538049001
13000000,13675106.047514593
6200000,6386899.538049001
6600000,7177707.4005075805
5550000,5517416.883590463
14500000,14555622.996622235
2550000,2835702.667878979
5250000,6580140.02746305
3700000,2795522.880599248
5850000,3106209.44838453
37500000,42020439.59290819
6200000,4812576.169264824
3500000,4928086.43971362
2800000,3885814.9669677312
6875000,7456615.592649087
7850000,7165141.935367915
7950000,8191369.251399738
11700000,10975394.300816953
11300000,11423471.546037635
1490000,1704222.1597509535
1475000,716037.6073325669
10500000,11223364.76841619
3525000,3692676.461288353
27000000,30496108.96436238
5600000,5404346.313943711
72500000,67295155.43020177
14800000,14603098.871679686
2570000,1839401.1783506027
28850000,41793670.62385641
17500000,19378205.155623637
25000000,22417732.014183868
19700000,19902777.983777285
2375000,4304672.69799538
4375000,5319643.778117555
18850000,18814356.215864986
5975000,5957544.840251632
7450000,7239960.725065851
20200000,22136581.613681205
7200000,6637082.4387408355
2450000,2734566.1403362593
53900000,61491364.01794676
43500000,40311570.141157456
2650000,1647346.910693505
3630000,3599431.720683341
17400000,10322545.575759495
1350000,937158.6218649042
4475000,5483983.384439508
21000000,19547740.296731606
7390000,7671871.606481257
7095000,7319838.114844697
26000000,28226826.211121783
8400000,9489911.512850596
15500000,20547066.48971372
7150000,6789206.391425286
9900000,10993615.484939389
7690000,8235680.5690584965
6975000,6309624.531125563
36500000,33791022.34609942
1100000,4890458.772564181
5600000,6236750.642749237
4950000,4470539.518427634
9950000,9785543.986123415
11950000,19919496.57483418
36000000,59533417.65519424
9300000,9700254.899163878
1275000,2004582.8581536077
550000,654665.1464687898
17600000,15872683.581894664
12000000,10964046.485391635
5675000,4990107.495201434
1375000,2110418.218073918
6400000,7006858.891400583
580000,1835070.237536638
16500000,12541742.884446364
27500000,25423020.128121633
995000,899813.2780798173
8800000,10082308.77634118
9500000,8857354.140060032
6550000,7389139.19569143
11490000,10709772.272148293
99500000,98310420.00498441
9250000,9181089.656639252
6000000,6689892.875737203
45000000,42228305.6881903
10900000,11177414.049157804
31000000,31042206.544236086
11000000,10975394.300816953
2250000,2247417.21550898
9525000,9818467.51220165
7090000,7227406.9197567105
7850000,7856451.698140923
3000000,5299369.883175327
6200000,7086393.6699281195
1700000,1226142.5540351379
2975000,2812240.8150281287
7550000,8391585.840600805
5890000,5806232.783272806
28990000,28076412.559514634
9790000,9278248.29975424
11490000,10822102.785378512
11500000,13201630.026179917
9995000,9702211.416554334
3100000,3403657.1788519905
4150000,6186110.172628299
13900000,18778467.803224135
20000000,15328604.546314193
70000000,72682018.50918777
11750000,12676707.149568455
1090000,1608482.0053529586
10500000,11393308.337167913
12275000,11887909.28607358
44500000,45270554.17718366
39500000,42509825.12376883
4800000,5221621.533316513
22500000,24543406.385241397
1400000,1420650.3402936244
12000000,12835550.05151831
8800000,8905313.92011991
16800000,15029743.355160762
7550000,7523976.365498673
21500000,16876688.805656683
43990000,44796174.58712275
8775000,8159569.278179616
3800000,3570104.578350045
1600000,6623421.08056078
6275000,6208307.090331141
9500000,9827370.29819241
6600000,5507634.648722466
11200000,10028549.5201796
1300000,1869750.2339599447
1575000,1041792.3013099101
3875000,2966983.3632062906
7490000,7671871.606481257
13900000,13506740.067322519
750000,1298575.3851924296
1290000,1578033.731593336
21000000,21708867.31385128
28500000,25747799.346783746
17800000,17454039.454199262
13250000,13402323.57522733
950000,921905.2176703634
14500000,15730819.119218443
1980000,2174708.546457356
5450000,5402450.217376783
29500000,22696746.284845248
10700000,10226872.802141782
3875000,3387933.1658326373
11750000,15361085.927353894
11700000,10795887.713108946
29800000,30314267.909470428
3550000,3668186.590153747
12300000,13082286.590020433
8500000,7877357.701206709
2150000,1666866.7273322297
530000,749084.2617061016
7675000,6496537.770703269
950000,182534.9204520173
18650000,19449958.087912817
1890000,2110106.695329756
9340000,9873369.01353715
12750000,10419592.006963542
15490000,12814660.872250363
8300000,8161808.545768917
2780000,2698539.533512902
6590000,6670098.010455261
4150000,2853633.734534861
7295000,8704303.799367769
9575000,9595270.60554816
51000000,56707285.952922754
10700000,10178391.453871483
46500000,47185469.70534909
775000,921800.9584844525
8650000,9058280.006018572
39500000,34982373.73450514
11475000,9793760.57877739
8200000,8308881.974250487
18500000,15995599.210100684
21850000,22575806.12395087
15950000,20582622.12263281
9700000,9615781.08549312
9595000,9089709.963249622
13200000,12860697.016993798
220000,1181562.6279967
29500000,29665675.22338323
2890000,3557225.897518229
2590000,1769564.5168260597
7550000,9279053.793823957
33000000,33834879.23284277
2875000,2880732.6197629417
8390000,9475501.393363945
24750000,25968975.643435664
67890000,67295155.43020177
25500000,22538449.709002584
21250000,22188190.746783387
14500000,12035804.475971106
3800000,3592392.250376557
19000000,18648346.53057344
1475000,967435.6159358773
34450000,34676916.978927806
57500000,55408321.71365954
24500000,34010186.964536145
8375000,8069505.627231217
12500000,11869286.357119408
21000000,20983049.321011946
7775000,7820221.447365306
43500000,50732747.69763619
65000000,61624967.35259445
7190000,7914413.9326845445
4475000,23271690.488228016
66250000,68566849.81029855
27500000,20922017.26886867
7350000,8069227.862460866
885000,2697542.329301517
13500000,13721841.733721135
13900000,16011479.427512426
695000,1368844.9872467862
28500000,22373726.575456847
8150000,7342770.074355315
890000,695658.5831467224
11500000,11022259.771730578
1575000,2774060.5823895023
7925000,8475719.016864726
35500000,31378050.333908167
5390000,5641117.227354073
7950000,8850924.06276239
11550000,15561732.487995043
25500000,22987795.1387477
18250000,17913814.434929013
7450000,6113910.022010883
5900000,5697691.210191662
17690000,14453250.16324467
8250000,718385.7796215862
13199000,14258672.165146964
9690000,9132691.091539301
2725000,2572838.9877477014
27500000,33191466.946317688
50000000,32640400.85839624
7650000,7442252.941934162
6990000,7968468.524396449
10500000,11465653.33728191
13990000,13888841.566526752
1700000,4573121.103683353
25000000,17234758.237722203
4275000,4542640.295505061
5875000,3458293.9639329286
9600000,7707190.366210323
32500000,38981224.27484175
7985000,7877679.040802178
1050000,996290.8315958929
13500000,12096216.819497602
31500000,28962039.163163893
550000,1039052.4771268044
45000000,44499523.02947214
18975000,21975578.371214
22500000,21016036.074537676
9875000,8704644.110283399
4500000,6497822.996687842
1630000,1320396.8039274237
2735000,3383675.077121573
19500000,33627804.82707731
8050000,7433043.868442529
67500000,64503654.32101703
10400000,9835649.979884326
13000000,13956897.062427146
17500000,15197987.785090646
11000000,10993747.486184116
595000,1903371.914010844
1375000,900723.5518023195
16550000,15859202.119625937
11675000,10215789.994331624
6885000,7081102.96040034
6275000,6001803.6707061995
18800000,24053808.80699124
32500000,31450134.583373394
10850000,10594548.17595322
44950000,55176370.52497976
29200000,26750453.157359965
21500000,21582972.29338929
14850000,14342572.637056615
6990000,6936989.135945659
1380000,1313461.4870662682
32500000,30082776.86517326
5750000,5935570.719473125
10350000,10362641.985388393
77500000,76726880.66044487
22400000,22749071.44802192
4975000,5044570.341261016
7390000,6435326.272568857
1650000,2742940.7361323745
2600000,2166988.2781388364
650000,2830188.26818976
6875000,7021177.51423878
11500000,10974582.24039165
5800000,3988779.659967893
695000,749918.1308882055
6500000,1830783.915507707
875000,1526353.8696490496
9700000,8521982.694667734
7500000,13539220.127628036
1850000,1643447.0284658012
4395000,3823287.147352766
18000000,23554918.032268614
27500000,37887459.18051573
22500000,24251718.870955773
6690000,8511224.226574823
16000000,19939807.530699797
9775000,8704644.110283399
11900000,11789006.95467974
6595000,6782206.185121607
6500000,9241668.322503434
14000000,12358692.206007762
7750000,-13676545.043579128
725000,992364.4919019416
3290000,2895466.338137829
12950000,14356870.789314859
5975000,7899368.111882097
17500000,22990055.532063168
6475000,6383052.708655283
17000000,15609282.829639884
3575000,3133780.619379629
15450000,14850707.937859867
7500000,5810348.70069742
5750000,5423454.242848568
17700000,14590009.057057887
8300000,9237305.717541395
6250000,5926350.29234597
1325000,2650433.9335874775
1475000,2673562.169638295
3800000,4205489.021555093
5290000,4549010.670696685
29800000,29348051.611180965
1650000,12292366.28277347
36000000,37931383.575865105
2275000,2135776.5049834694
3435000,3379787.004617372
2650000,2865819.6502092793
7500000,4959485.62011815
26000000,26513643.449319787
4050000,3553959.6452231067
9200000,8555244.756938275
11450000,11682568.32186575
9700000,10099495.731288513
32900000,27537536.235930063
26500000,21124394.742143113
2550000,2252776.922324714
350000,2361529.5221162094
2060000,2112231.7862749873
9500000,9296369.918682091
30000000,41911235.58849716
59000000,57496110.14574038
1180000,12291808.83656485
9150000,9288596.129748316
10825000,10547092.21840643
6750000,8955646.536157023
3000000,3031035.2804536005
15500000,15479246.794148369
9000000,9383405.93281847
10700000,9936938.894600756
3450000,3377434.458140777
11000000,9281229.236493187
2250000,21165247.5301775
23500000,22463589.416640453
13490000,13102813.14310957
6350000,3741328.481434881
7500000,8477050.514465122
9575000,9217960.77762906
5100000,6361864.064277216
51000000,55357244.8536083
14400000,15107097.906321606
18600000,17884115.793499403
2775000,3983531.3822376835
1225000,1451956.4569772712
5775000,6000352.759981248
16000000,16043699.507738471
8450000,8309866.314966776
15500000,23574440.289405327
31750000,30420202.090074606
17800000,14883381.526592273
3675000,3392861.7707626047
2999999,10732155.257371483
51000000,53894859.05690898
15800000,17086746.443745587
8375000,10151537.760292467
11250000,8958997.071243854
9000000,8821189.184399791
2850000,3256073.4441536716
3750000,3599431.720683341
31000000,27953350.30613239
12800000,14274650.672915822
21900000,23439343.832145143
11000000,10684915.905330958
7750000,7867383.723322857
23500000,23129646.482111745
19650000,17309703.20974772
15500000,15305768.284668708
10700000,10925081.047344405
5300000,5584855.62450905
7400000,6729679.180811295
2175000,2298740.639170875
6750000,7609016.780011948
29700000,23035485.21191371
2400000,3844037.6866927985
9500000,12052511.345232816
53500000,30212221.73209211
94800000,98045430.90765218
2350000,2518253.174643467
6890000,7066102.404734039
14100000,13412962.883187627
4675000,1081945.1589820439
72000000,63921204.43823178
30000000,36718850.82122361
24000000,22535886.481778163
12800000,13314988.722570436
10500000,9693596.572138472
4390000,4479840.552369846
1160000,2009256.9794466773
5650000,3520857.8826624374
2650000,2104877.373084781
11850000,12659075.919073723
1790000,1358376.1850256666
29000000,26835577.25725525
9050000,8546635.792325903
26500000,21691376.95641813
1500000,1690268.6117432835
8150000,8545781.716181148
8800000,8038924.096130317
13000000,12854328.171476226
4290000,3509326.073988273
4630000,3788383.050768898
490000,972625.9748923642
965000,824060.23380336
3850000,3473905.0760698724
1600000,3037934.748504415
29585000,32393111.252926048
42500000,39080750.33995566
550000,1939126.5260280995
13250000,13240617.102418674
10450000,11749624.21531494
23500000,20028173.946212783
4600000,3795888.2964736307
4250000,3889701.037006109
14900000,11256732.803576065
18900000,26860856.553712826
3050000,2897659.5476194
12600000,12543625.354624579
28500000,27203130.310197324
22900000,22108235.804793295
3500000,1026491.3057910668
1152000,1086295.5491749248
11500000,11243814.596940394
850000,950620.3691738105
675000,3596117.3318358534
2100000,2093877.919443093
22950000,22943132.666819405
2550000,3218317.338214203
21500000,17745310.205410417
27550000,31766070.4618435
4500000,3601060.459988596
795000,1073159.875396751
29750000,19543079.427101098
15500000,15310394.968013033
17290000,18156190.13507215
66000000,67295155.43020177
23500000,19339571.741497178
22000000,17177314.495008063
19600000,8170779.998420169
5450000,6271305.44914674
11500000,10589550.290990725
11875000,12567449.180793812
4900000,6192083.589225865
49000000,29586230.301548988
14250000,15576518.173175452
22950000,25688113.45245713
16000000,15374479.557124669
14900000,13888841.566526752
10650000,11027792.631894073
2275000,2491667.1235104534
28500000,25831133.6139325
7750000,7127177.986869974
39500000,41703043.90086164
1000000,1896109.49048791
17100000,20177770.593132954
19000000,17059334.011011515
13875000,12956282.016295213
8950000,8981794.9705981
10975000,10774433.819087515
17800000,23016292.643150244
22500000,21689733.42627301
3975000,3108420.3018212947
39000000,49345232.097329445
13800000,12024720.220354
1175000,1289967.1243285506
23300000,30033942.415533543
2925000,2786705.43512051
1975000,1952780.9166833786
8175000,8279440.447407487
59800000,47214582.592210986
6975000,6565446.226366181
10500000,10826086.6235428
17800000,17185704.11452797
1190000,890442.8877951246
2975000,10376576.592638833
2600000,4520476.8789986465
19500000,16447354.810304765
5450000,6428220.3311418295
8850000,10176581.998468246
3500000,4906332.398019106
5890000,5987892.909757966
21000000,32969106.953865092
2450000,3152349.609098828
8950000,9653017.451682793
27500000,23457380.39965549
6550000,7271377.667296978
4900000,7045813.459519558
11000000,10110212.44012164
7150000,6952956.942609236
1725000,1386905.8531308563
2450000,1627500.1637551582
3400000,5327310.845296637
2290000,3468110.6189188445
7975000,8620384.512188766
27000000,22921924.100399494
5190000,4342143.898716636
21990000,20185931.229583494
19800000,15669435.544360843
7985000,8066186.643281147
67900000,66608908.648545705
15500000,9654491.514064359
2050000,1596990.996632343
8500000,20009051.41694656
7150000,7363774.9501500055
6000000,6778665.313366314
2885000,2407458.28840482
9800000,9981585.556536213
550000,1571567.627000927
52000000,55516347.24504094
13500000,10424103.860093586
8250000,7920015.9623720655
90500000,84049142.77091418
7575000,7768837.103273461
8000000,8406600.603924055
2600000,3413335.4084782237
14900000,14730907.93640803
77500000,79303734.2078312
8785000,9369981.106113758
6875000,5505667.932465737
7800000,7439396.679911283
1325000,1425161.134723955
32500000,30003858.80681568
5500000,5775439.56161757
4600000,6012163.129493561
7995000,8030796.04913341
750000,1099165.1292505357
14950000,15339106.7985234
1860000,6263959.136974003
2900000,2769847.9097295054
27500000,35820379.07799496
1575000,2014092.0537201145
29000000,32098938.03942466
20790000,22878239.850114655
2790000,2661732.5719405683
7850000,7171307.192119488
3990000,3528076.8063384253
8475000,8927303.614142267
8400000,8822777.226954164
12200000,14157056.502328208
7190000,8587097.979324523
4580000,4249670.073031616
8300000,5856017.507704675
7690000,7849162.538073121
42500000,39828680.59759674
10500000,11199807.64867075
16985000,16238820.097152924
2500000,3144508.9470105646
2200000,1592288.852722545
7000000,8305748.905342988
11950000,10991598.34006795
36000000,36352874.635090895
16900000,17138471.16667445
4750000,6179164.021798257
13800000,11132875.018351039
500000,774362.9003765025
18650000,19951037.958224144
595000,1042487.4345317333
3200000,4771576.489658997
9500000,8424196.36676721
9990000,10183251.94902252
8860000,8762709.620730579
8200000,8048791.1805681735
860000,896913.1891721433
2650000,1591027.0697178005
21500000,21286492.460015852
16500000,15721974.716575846
18500000,17946181.588701442
2990000,3374440.14007663
11000000,10999795.491603594
8350000,8739820.040361011
55000000,73936934.29086518
1550000,1208773.055363783
12000000,12963287.676709754
26000000,20381717.718300577
1200000,3238113.4397679335
2975000,2976255.958807223
1850000,1818291.002853484
850000,694586.9229651715
4480000,4542640.295505061
3875000,6056558.6375757465
11250000,10746569.373737635
8375000,8622595.873672409
9850000,8445243.686835267
1475000,2493356.7721323925
1350000,1459126.5459857816
19850000,19862988.480814252
2475000,2269247.9064950272
6900000,6662847.660601273
11490000,11880695.746183468
16900000,17330712.564564936
51000000,48285927.78576057
990000,832383.6577482712
17000000,16493527.396145066
12750000,10419592.006963542
2380000,3091562.969756718
8200000,6255455.6440030085
9850000,9362315.26849868
9500000,8131844.900570787
44500000,50973183.09997224
5475000,13915124.50125213
6350000,6386899.538049001
23900000,23155667.47915574
7050000,7039441.346887417
1250000,232960.4686188119
3490000,3270001.778449354
3550000,2600214.343187529
89500000,62712680.287046336
6650000,8127317.571754233
9490000,10158265.308679212
7400000,7348912.85476243
2850000,3460089.1228244137
1875000,1479018.4450894878
9350000,9873369.01353715
1675000,1893350.6489215198
44000000,42570922.70310613
1595000,1897384.193459026
4590000,5075433.892672661
7250000,7330148.993767618
13450000,13537978.477210969
13790000,13394159.159523368
8075000,7849162.538073121
1350000,1148881.9511516471
9400000,10067823.219227752
16500000,15729002.877531296
19800000,21691376.95641813
49500000,43387933.05459603
8450000,8994751.791203188
7200000,7578716.0109323645
4175000,4576631.295358179
8300000,11044434.17040188
18000000,19721934.79914643
7890000,8035010.622006245
32000000,34547800.824480064
12800000,12681364.639648037
29500000,53456580.615381956
24500000,22295215.288930666
49000000,55953497.19988645
11500000,11390874.609002784
4200000,3539550.1404602365
1400000,1628136.1332315563
5175000,5430006.223387647
9000000,10036958.438370055
14500000,15235921.648844872
8495000,8780193.303623762
7400000,7158687.79036039
18950000,15862315.46975823
24500000,24365026.484021403
11000000,10467776.164359704
1275000,1972035.779238886
21000000,22206082.300862808
8950000,9697057.265930157
1550000,1189506.360036567
31950000,31346325.93658361
6225000,7311260.306021463
3890000,4751525.401852095
77500000,57135597.07456226
20500000,20983314.597880445
37800000,14246119.393388132
5675000,2877231.202126286
3600000,3260911.9298564713
18500000,21431911.541595656
29500000,25016335.912010107
1850000,1152292.8329102132
21650000,23270327.259068932
10900000,9266773.071384968
13450000,12896221.32994257
4000000,3968893.6349788145
3000000,4686979.1768705705
6750000,6855465.175775552
3850000,3812600.557332458
8490000,8238081.913062335
7790000,8391585.840600805
6300000,6733669.55904399
8350000,8622291.876963032
8275000,8280639.4699407155
2250000,5277906.956539196
645000,9408846.24612765
7450000,7249726.332149656
1500000,6890911.767437365
6985000,5073679.612191408
5600000,4081303.016860537
2250000,1790873.1910634937
8300000,8560700.272889327
2690000,2858495.569168825
22800000,22846698.73382264
19500000,10826573.189625809
6900000,2746720.3211412868
43000000,41268160.03250258
13100000,12778408.075373655
26700000,26041911.92278195
2650000,2752518.7314323266
2690000,3447642.989360258
23990000,23972682.02243445
8800000,9532561.185351694
690000,925752.4708746276
14000000,13259745.142411398
6290000,6506798.390731403
9950000,10502418.403892653
14275000,14915566.710487107
19750000,20582622.12263281
10000000,10861713.701147357
4200000,5523157.157536668
975000,1426862.5444054594
11850000,13264442.476592705
5550000,7796894.142692941
13000000,3859091.399039696
14500000,14044604.64768028
5300000,4858094.050892204
1075000,1214428.06902409
29500000,21715886.36489451
895000,1465699.4301000577
22590000,22647725.89817984
22500000,22573759.55109093
9875000,9883095.778401027
24850000,25347579.6595576
13000000,13821263.165156335
19800000,18946349.96250857
1850000,1976112.199280452
2900000,670759.6633871959
6200000,4725188.676483365
7775000,9237305.717541395
3800000,3532945.778794064
490000,988031.2988199976
16700000,17607591.99960187
9000000,9396318.326407809
8450000,8350033.130800169
18975000,20429096.622542188
40949996,31970370.085569907
850000,1417660.1762746319
62000000,53200032.57255387
36000000,34415888.29853697
11600000,11603762.51105839
2175000,2258481.486350314
13250000,13402323.57522733
8000000,6887588.769621724
11700000,10610612.966157082
14000000,11936320.851782776
35000000,25276076.013432316
13800000,14558472.651547378
4890000,8255212.135938941
250,870114.2470701743
3475000,3801860.5405514613
6200000,7945040.347620079
2200000,2282578.6758844694
2550000,1490459.884458532
2300000,4302125.8225187855
12900000,13950853.784349216
6990000,12052239.793066174
3600000,3683599.517928885
19700000,21888366.914052162
12100000,12090128.816615766
39500000,42249136.35105664
995000,1271100.1168786401
19000000,22255472.937908866
7300000,6412874.938917033
14000000,13936889.954054063
3595000,4097842.7439683373
18750000,17175778.561307132
18500000,11846601.775724972
1400000,871993.0946315945
11200000,12894367.779734239
5950000,7722433.046955102
15500000,22107457.86566933
8650000,9115024.89046145
35000000,35494922.06485682
9500000,8489597.118982268
36000000,36380521.80270453
22200000,22463589.416640453
15200000,16327121.243757848
22500000,19486223.11381254
4100000,4206789.554292153
3550000,3563128.668597914
5375000,6296050.453159514
11200000,12030128.977798268
575000,2593319.969686544
10500000,9834000.952112766
7380000,6534639.608085508
15190000,15189894.004957816
1550000,1299593.181853819
1800000,2972565.442592052
9075000,7522618.4932587715
1450000,1113164.338091344
7550000,8051750.505844467
8975000,9183009.440668046
3200000,4771576.489658997
13000000,12132992.45473785
1395000,1278889.022043645
3150000,11084013.610778982
23000000,22676380.163012665
7150000,7199446.132860249
10590000,9690242.746143904
10900000,11026579.76884946
61500000,65498657.01425579
10800000,10522674.731896693
9950000,9785543.986123415
2400000,3092831.992848341
10200000,9716537.649026982
7975000,8391585.840600805
1650000,2109149.7534565125
900000,4144075.2818522057
5200000,6562796.4511071555
17000000,6631885.876474424
23000000,23995047.83309941
23000000,22634036.55143034
22100000,26470039.372956578
11000000,11249252.574110666
32500000,35777734.87070435
27000000,25688288.994713884
86000000,78888570.21412247
3550000,9449078.42387276
19500000,22045541.09075589
2950000,3617515.7821317934
1500000,1591076.2970057311
6690000,6951609.345900568
7250000,6426960.024571816
10475000,11162517.25591402
2650000,2052294.9789955756
8200000,11252359.025724424
32000000,31346325.93658361
3275000,3235071.005593971
3850000,3865519.915338628
2875000,3715307.0816201344
7600000,6511001.432801214
1100000,3817543.91723558
22700000,22647725.89817984
21500000,23452526.641228084
58000000,60173978.04020904
7950000,7708416.759873966
4450000,4791897.0506742075
47500000,40999621.279823594
7150000,7547505.372462026
9875000,7466736.458098146
20500000,22672660.326089974
3050000,2902116.8433910096
17500000,13012363.916779326
6200000,7588409.692320348
28950000,30937078.26916911
20100000,21055374.79178089
4595000,4171466.554828607
6900000,6789317.546670141
16800000,20563229.239990674
46500000,46261341.4563459
21500000,21817656.355139878
1075000,644265.3031268704
1000000,2569088.0391963585
7190003,6435326.272568857
6500000,5600236.330261556
1850000,1689276.4090535329
11000000,9753842.105319643
875000,975036.9057508826
8400000,8861475.029435407
49500000,56005538.61053338
500000,820807.4608161522
2400000,3145409.1334124124
4700000,4831892.530718214
3800000,4197120.222060672
1800000,3505494.6408198616
2950000,2972905.377446697
1450000,4173212.113545831
58500000,54791610.566483505
9600000,9099727.058824675
6600000,8319251.712363128
12000000,16083990.247112846
5690000,5313639.271406818
12500000,7808797.191755732
3590000,4342186.7335896725
1000000,6184776.947667293
23850000,22795376.33526393
43000000,46333289.986447774
1800000,1894611.8229852128
2750000,3975225.9754018085
3510000,3408839.9070675736
2650000,2537865.396644457
650000,4253271.721773061
3850000,3510531.746695798
30000000,30314267.909470428
11150000,9401476.095885588
6990000,6735106.977913493
1350000,1227128.0121823726
8875000,8954616.52651207
5450000,5307048.334880238
15000000,24179647.703221977
11950000,9667006.610438433
21500000,21768351.53121924
2600000,3699664.9567465396
16000000,6688879.12608619
11700000,11598550.410661783
4575000,5272486.721636496
1700000,1485078.5489107554
7950000,13607750.033393646
55000000,47870646.586464524
7850000,6260043.75923737
5075000,5983323.251599254
9300000,7070710.7851104755
2750000,2714982.10993921
8575000,9232381.743797628
960000,1187723.6517567632
28275000,22825817.228824146
29800000,43377895.55571951
13600000,13572216.734334765
6400000,3362807.199353966
8900000,8115246.036516218
3325000,3224333.079610258
15800000,14664322.852671592
2050000,1814682.1981078554
34900000,26527951.440136697
3975000,3237392.6247979333
3950000,3626560.9682278032
9450000,9237305.717541395
3640000,3286961.1997298067
1390000,1307534.5457890113
14000000,14102349.155366858
3725000,3673424.7050968492
6500000,9052917.978073282
32390000,31149252.023888662
24800000,29151931.644095752
14500000,14204369.237720946
3290000,4514683.917183076
18000000,16610677.117588663
7650000,6826328.94248385
36750000,44274473.643210284
6995000,6441562.991983102
12500000,10804649.276349438
1500000,4109451.568606568
1850000,1916867.6675272323
23000000,17876158.513353508
25300000,28066424.225081164
12900000,12956282.016295213
7000000,6601191.865804623
71900000,67168328.18852678
4850000,5186460.105179522
8500000,7304017.585357758
1400000,1877789.8481435524
8850000,9044838.441077292
1700000,1855249.8110239848
13900000,15388722.372473432
1850000,2670554.6652696617
98500000,95289941.33416004
2275000,2477076.1563963615
15000000,15683536.028343003
12575000,6962963.363172053
1350000,2111594.344835652
22000000,24997628.690259136
11595000,12715717.256752057
14900000,14742938.448872635
7490000,7317462.7794349585
1660000,1660083.8475443802
16650000,16356612.30349837
4950000,8127560.430366709
7065000,7218872.014878695
8300000,9905881.473691372
28700000,27287912.354781013
16000000,10929747.283687323
15800000,15860529.935652643
16000000,10738244.957944317
31500000,30311830.27884128
1085000,855039.79162097
59800000,64503654.32101703
15500000,15723092.402498305
11000000,10136419.708786614
10500000,9714339.32340731
23990000,22770757.288552903
7550000,6601191.865804623
29000000,25008007.253000345
96000000,95552709.6333051
91000000,86294631.6708182
9500000,9355891.368000122
19250000,19921945.127070084
7175000,4981798.416715152
11000000,11780134.523003642
21500000,22505741.301561642
9800000,10539776.862286022
25000000,22417732.014183868
8500000,8701685.237962274
14000000,8756530.004392609
13700000,16579513.324676992
1325000,890436.9350912974
6400000,6893820.838095008
3945000,4033557.8107715594
13250000,13637661.047676126
1550000,1650481.3533882394
7500000,566874.6279166
6385000,6501729.868912737
6500000,6381067.883480375
11850000,10794691.520648636
12600000,11823535.912898043
22200000,24711440.281584967
600000,1230229.008861352
7500000,7307421.554791106
13999999,11450924.19790293
15000000,15189894.004957816
1800000,1701401.5700918192
14000000,12971586.68076769
8200000,8051668.377440722
4050000,4365128.006703383
65000000,67295155.43020177
13750000,13494616.344254749
4150000,3837807.451795599
1250000,1989501.6047459962
20000000,16579746.364294082
1325000,2011933.1855480557
10290000,10172677.340107305
2500000,1901651.7344101458
9550000,9654126.540355077
675000,710560.8054391128
8925000,9398635.704467038
2000000,2081556.7868608723
3550000,2780682.3935718876
8050000,7392329.871049609
11250000,11712205.64422195
2650000,2399846.779555524
17900000,18301388.992752112
12385000,12218703.716881521
4375000,4508217.139714864
11500000,7889763.030760839
26500000,29306505.857486777
97485000,92821186.16170555
2950000,2956331.3735067295
7875000,8309160.88450895
11000000,10496704.755422857
17350000,12659073.968354356
14000000,25625228.87182585
11000000,5088468.618030057
5650000,5515709.56261199
8800000,7998769.036473512
9150000,8994751.791203188
57850000,55408321.71365954
4190000,3662984.753630858
2790000,1820219.6148220317
63750000,64388202.41228211
3690000,3979904.631492668
13500000,18978318.316217165
1000000,1276911.3004977044
5650000,5612668.226826065
6700000,7070710.7851104755
8295000,8932753.479461364
13000000,12956282.016295213
13100000,12855297.833432574
4275000,4291072.071553456
8600000,8841048.787419247
2350000,1825538.9127115938
2850000,2886796.686767906
1380000,2233149.6161411465
7950000,9751430.613645168
22500000,21817656.355139878
33500000,30435015.774675965
8200000,7788251.001080016
9800000,11339591.097978588
17900000,16394527.68713259
2200000,8507817.86967467
4050000,3049233.858018826
7500000,7673548.0451571215
10900000,11198962.602450619
16200000,14251967.545971788
13950000,8800296.260128759
11600000,11885356.313979816
1950000,1179816.312745812
9375000,8357959.884218422
6950000,6918420.391905858
8150000,8981159.569570286
3375000,3755271.7342811623
17900000,15450936.938727241
13750000,11939250.598898293
8650000,7924616.642027068
10750000,11476561.089944253
8700000,8264589.714505193
3200000,2451682.364830763
16300000,16252839.074478183
7750000,9213006.277967263
3050000,2652326.4834672483
58500000,53894859.05690898
3390000,4425543.650897509
1075000,978404.9998508025
22500000,22749071.44802192
925000,1469268.3544436607
1850000,1796728.7013847565
7000000,7270916.084571939
11800000,11867621.291951606
23000000,21349075.112751186
3485000,5460555.137429541
13900000,8280883.247903178
17200000,15842628.817033663
8100000,9132482.196593137
17995000,16271768.110647233
3200000,2512208.0865893946
30750000,28757765.53056356
23000000,17783001.625338968
11200000,10378765.68402038
18500000,20705134.95084782
53000000,43663927.261531234
19650000,28528508.864427008
13900000,13941033.701154951
19500000,19389238.43967431
47000000,42592291.16784533
8650000,10296068.82715748
595000,1179548.8531741595
11500000,11144556.394336632
26000000,28071513.78796289
785000,1984959.1042788608
1200000,812428.2385908511
1775000,1847234.6930261224
550000,718385.7796215862
3700000,3605353.926199555
27500000,42363106.60627154
2750000,3105965.653451196
5125000,5032402.197864421
32500000,4605755.008674418
22450000,23391107.79625772
57500000,59376742.6612641
19500000,18207674.366128087
7250000,7437919.121766767
13000000,12827430.91622709
11950000,17141515.11310562
450000,927404.3842828614
3050000,5591310.924059786
4295000,11694391.988571966
16800000,11548207.861665245
6900000,16184199.104787813
8875000,7642637.542241124
9400000,9360011.20853127
12750000,11497569.085832149
7475000,8606745.4251083
34500000,33186907.665736523
1200000,976254.7123021265
795000,1403774.000353746
6000000,7428102.892732541
22975000,22176629.670464627
1950000,907409.994196626
8950000,9099727.058824675
3375000,2538529.1563189537
6000000,1388282.234522883
8450000,9142355.755485248
3950000,3812600.557332458
18000000,23236865.177092865
2275000,2063435.8133457156
3300000,2991503.8280880186
9890000,9809666.379916305
1275000,1780301.6130180398
21990000,22254528.391033266
3800000,3892282.2043957324
985000,1393124.5141186225
1950000,10307909.427681638
6750000,6234929.494360538
5900000,5178567.176127228
13450000,12855297.833432574
16800000,17123767.367780235
6990000,7125570.932322353
43500000,46761695.808883905
2395000,2623685.1281619743
950000,698535.7742498129
3325000,2822442.6526788604
7300000,10906850.330964947
5150000,4100738.1023213263
8575000,9412569.124681637
43900000,37298535.97626083
13800000,12956436.981657848
9975000,9101392.310260465
48500000,45017120.67898759
12000000,10641068.593559882
19500000,15536302.495127551
3650000,4750976.814474679
9850000,11177414.049157804
1975000,2146758.6487049353
12960000,9847686.748801595
6500000,11635630.718188848
600000,915175.7877718324
3800000,3510805.300099772
10500000,11948502.95010042
9250000,9008976.654809685
6725000,5673806.143028319
12100000,10736053.744787639
15300000,15714376.400641833
7300000,7235787.394805212
5990000,6004335.391769853
13750000,13494616.344254749
7575000,7768837.103273461
10500000,11330515.359547768
1550000,1109920.8804777588
57500000,55759719.36796982
13700000,15872683.581894664
23650000,22446247.686397236
2900000,2561659.095853872
15400000,16104352.252630008
17900000,15696459.392059853
575000,744470.7794464838
2175000,2156526.8943251716
1095000,925560.6847979736
9300000,9281455.873911574
62000000,61635744.40499404
975000,938348.7497937271
6250000,5937867.483513284
750000,623782.9175376081
2770000,11650781.834179448
8790000,9063420.393087808
42000000,42034246.81446474
8550000,9223254.365199605
1575000,963466.647306373
25000000,27677543.169899028
6650000,6537003.372571857
12200000,12992919.81929891
2790000,3315774.44200561
225000,807032.2151093339
7400000,8154298.154203872
21250000,24230056.659765963
10850000,9834000.952112766
1275000,2301324.8165426613
1950000,4760365.033690536
22500000,22647725.89817984
3200000,3336725.593799539
580000,695368.7714388405
8150000,8035010.622006245
18900000,18047744.146002866
2250000,3935379.7935151407
14580000,23294616.313484263
26900000,22920601.9928684
19450000,22446247.686397236
9700000,8636161.032547478
13200000,13438278.420275908
14000000,12358692.206007762
16500000,16107818.081427274
1290000,2599095.9490290405
11600000,11754469.684190638
949999,412258.85299950966
2690000,3024325.296042202
2500000,2622274.9666096554
11500000,7281024.2099312255
4550000,4761714.388255514
1800000,2260482.561025581
2400000,6475533.572278082
620000,617871.7802940337
860000,884933.1921613966
4850000,4996102.124187369
2500000,2809259.6788505353
1570000,1528750.1278816808
19500000,17686350.898734435
10500000,11096179.64285656
11500000,10050729.928100038
16500000,16430162.212131085
3750000,4090769.9831008157
2850000,5614380.915722252
3150000,3153857.4747220585
15750000,16709594.852266226
10400000,9841887.422334308
21950000,21180226.832265038
7550000,7218872.014878695
9850000,9182780.879341131
34500000,34312557.55207825
7980000,7175509.17991695
9250000,8499958.254341913
11000000,9366596.008162422
4985000,7153763.341923109
11000000,12907259.916513227
3800000,4654513.073076899
19000000,16167012.55562405
3375000,3267032.2508859816
21900000,19263969.162326124
7950000,8115625.947821091
16200000,16499735.05577399
850000,1035214.4761961285
3910000,3526141.972669849
6950000,7014453.731935165
3750000,2844913.8627269305
47000000,40353073.61093496
10500000,10252003.931873726
8550000,9571903.42023573
2650000,3236021.6658606865
13490000,13102813.14310957
17600000,17620529.16568858
19000000,14647108.279042734
16800000,16493527.396145066
9300000,9230137.207312504
9550000,9921251.122581225
690000,905719.2719127949
19250000,19031780.730449185
5250000,5576520.74284554
16190000,16259340.994632963
8650000,9101168.885595005
2835000,1630574.0263291274
8150000,8189543.7530748695
13000000,9069676.122279324
8650000,9975453.080953928
10890000,10316362.779993016
1215000,556812.4240909336
8250000,8768023.247716308
14750000,14491655.958430206
4650000,4347815.412004868
7550000,6828409.099045707
1685000,1817195.9399261225
7390000,6435326.272568857
12700000,11821901.792828633
18800000,15565798.944005966
4370000,4762799.819935335
1875000,4462501.322139441
1375000,1475213.1188922434
2750000,3188050.9214472678
7550000,7218872.014878695
9500000,8904745.980012301
68500000,65890193.55339555
13875000,12956282.016295213
99500000,98574308.25683296
7895000,7593218.000096644
16000000,15626458.51225175
7250000,6400914.230824525
8500000,8686324.622289827
1875000,3422213.4484165437
22500000,19486223.11381254
16850000,16492182.304992868
3250000,3561657.024201681
3750000,4253311.133020076
5400000,6268541.812986243
3350000,5747646.51567358
450000,930358.2558950394
14800000,14429434.8731215
1475000,1582466.7788160744
5800000,5323443.681163554
850000,877354.817411582
1800000,1398354.9964880527
28000000,24914363.593022346
9390000,10107607.529425818
11500000,12082131.545166899
6490000,9865780.980244152
37900000,39268601.211181596
500000,1299849.356179636
8500000,9150045.309155826
4875000,4103843.360013049
31700000,31146948.300901785
15200000,12622287.367631366
9550000,9670174.44133655
12450000,12810390.6425999
32750000,31909396.612733696
12000000,12026996.636427727
9650000,8636161.032547478
10500000,10625704.559779301
32000000,30634427.52255921
1960000,2393643.490105159
19500000,10826573.189625809
5850000,6009065.117852276
13500000,11991624.147845369
7390000,7328789.247149285
1600000,938489.5927580128
22900000,11743648.179257626
5790000,5605426.770553054
8350000,8877725.827709235
5365000,5381077.430575018
5950000,5933381.71663644
17500000,14656528.501121465
10000000,9635706.450133719
60000000,67168328.18852678
2250000,2476710.194793878
5600000,6476197.866981574
11000000,11228895.071591828
18850000,22613844.62672186
2965000,3787644.436284113
1650000,1221924.452377154
9850000,9943856.637157401
13000000,14201178.936861554
13500000,13136823.28952348
5925000,5606401.52102953
2225000,1794075.8520955646
7650000,6794450.977242606
7500000,7176414.271391075
640000,698070.1506557117
58000000,35310933.11727567
7500000,6792538.838194906
13950000,13524219.699559717
1900000,1614731.0334473248
11695000,11392674.609911758
9900000,8348534.672329613
13750000,10976282.225134864
16500000,15619831.446903277
36900000,29319834.652947586
11500000,12311987.742934324
5590000,6300450.885896018
4985000,8134348.05105214
3250000,3181732.771711256
26950000,30937078.26916911
12800000,13446666.396111967
4750000,3851155.902770118
11300000,11175604.549831754
25950000,25495846.534823414
5775000,6007167.410233215
4290000,3869090.6410722868
5000000,5550509.445972218
19800000,22965692.36322911
3175000,1784298.8115903775
4400000,3945445.3853457123
900000,1064169.4460510963
4400000,3468452.414188491
8200000,8266027.42123844
24500000,25643132.43334217
14390000,14664322.852671592
18600000,22749071.44802192
2750000,2517306.9085596255
11350000,11825164.602421382
31000000,27534856.92188997
10800000,11190891.805877617
185000,1181562.6279967
460000,7725234.559267508
1000000,1168751.6231743107
475000,4899343.8733741725
3650000,3780179.4322645906
13950000,14360882.18617961
590000,1116567.7216310734
17500000,18635198.166841205
1875000,4657375.028932805
20850000,18796614.845501903
17900000,15808625.777146533
11700000,10431632.040327556
4520000,5727000.501573379
14000000,8741731.923558231
19500000,19242935.982931145
1730000,18703957.542919368
6795000,6457198.180580431
15850000,21971844.08159447
9700000,11366532.233397428
11460000,11017201.142484521
11200000,9767908.494591577
3165000,2929749.199127941
33000000,33834879.23284277
7200000,7220322.678594649
18500000,18088040.68573368
11500000,10269488.538491242
5690000,5701273.76017358
58000000,55686815.830709904
7850000,7833377.679225067
3275000,4229893.651740887
18000000,16892828.86482089
8200000,8846417.351161154
6500000,6234929.494360538
1300000,1713215.3672079542
4100000,4905210.739945775
5500000,6385226.321459553
975000,996290.8315958929
11500000,10579267.561340839
6475000,6361904.180724127
3350000,3280029.696685996
9950000,9726766.333366372
4195000,6374145.850198793
4790000,4928178.347576086
3550000,3510805.300099772
6990000,4992082.768149012
3175000,3118122.0587074724
15850000,13943830.226082085
12500000,12376114.547878606
800000,1058695.822488526
10975000,10660152.871568095
18000000,16502616.17211553
14750000,16878558.986376554
10700000,7034921.451200085
825000,603388.1320788531
9500000,9303566.115104623
56000000,42639646.06675917
11200000,10218939.04841905
22500000,21830839.735854823
6990000,8055749.1649809005
14900000,13415096.588376632
25250000,27992443.358115856
6850000,4213963.560624871
11775000,10387764.283390123
51000000,53894859.05690898
12000000,11249634.415357795
62500000,57416831.50549202
12900000,13820543.367173802
5400000,5336016.1318389615
9290000,9468730.447810806
5525000,3213488.370679259
13000000,11966326.08985544
1490000,1475213.1188922434
1540000,2325323.1636758894
3300000,1809531.181326029
55000000,53848968.83835249
10650000,10800881.00846783
2200000,2403541.1893591816
23875000,22029156.621784296
24500000,19054861.00827503
2030000,2258190.6849975525
86000,8994751.791203188
63000000,54258641.04012757
43500000,39812248.43911642
17800000,14790392.134003107
8675000,9219842.35094736
1890000,3643353.4250248233
1000000,1496531.5090618865
20000000,20481353.619709916
4250000,2697405.0218863143
10500000,10719025.762357678
22400000,21904800.533900056
12900000,15382578.077308707
8650000,8946180.76920379
675000,719394.2498155372
6700000,6764739.2489346685
690000,1591127.7965947916
29500000,21715886.36489451
7700000,7903327.460386628
10500000,9913307.213970428
1450000,1920313.91025862
2150000,2709133.993250929
28900000,17628603.263342645
1875000,1708684.5480211433
4000000,4211781.641743207
36500000,37952764.860410206
10500000,9881765.014793802
10950000,9806785.06033941
11800000,21846056.85879783
8750000,9041244.587221144
16500000,15924402.174218724
8000000,8674275.905014489
6780000,7798333.433560008
35000000,40288626.21752804
5200000,5360127.89640344
17975000,16139614.31365242
950000,3444326.0796206384
10250000,8059324.633546709
32500000,30245057.950112596
2000000,2065893.4568296785
36000000,41834477.92455635
6800000,6254462.224981647
5750000,5624800.268518444
14900000,14593200.135089733
11200000,10033940.30903288
2235000,4303515.47059958
8000000,8283584.665732662
11250000,10382292.723503605
9590000,7509020.88670591
29900000,30969809.218931507
2000000,754189.5312026186
25500000,36220377.83434237
14950000,14309252.95739453
3975000,3599431.720683341
430000,786283.4251166614
1420000,2656067.8190980074
2650000,2434143.113578043
9250000,9716813.194739211
7600000,6710758.823680636
19000000,18207674.366128087
23500000,22450189.82025878
12800000,12956282.016295213
5200000,7349032.888701715
29000000,31673153.07440303
7875000,8309160.88450895
6395000,6529282.558408053
8950000,9342518.046127632
2450000,2573521.235518268
11200000,10980625.898014078
3600000,4542640.295505061
12550000,12127459.888163218
58500000,54982086.77230612
950000,1824248.7732197836
1450000,-1596878.5099677977
1200000,34787546.576934256
14500000,13258053.713531878
8000000,7205794.437786394
9250000,9347049.686604803
3200000,2536437.7983316695
2275000,2337851.2154520447
6650000,7226549.5113476645
45000000,34905242.893179074
2595000,2830188.26818976
2885000,2950143.3871917506
5850000,5515709.56261199
7590000,7163155.96706576
13500000,13245286.834717482
98850000,94670509.9051162
1600000,1510458.4680253929
19500000,16880569.92232485
95000000,81462897.48333769
8490000,9037789.748162096
6875000,6480687.267444337
6950000,7564651.84002401
5650000,6254128.536163923
1025000,1375257.6487890566
14000000,14265881.248659492
15000000,14930453.87506921
3950000,2401901.0462298705
1850000,2180654.0386540024
2250000,2845915.7693768623
4975000,4572648.217516999
4390000,3660820.950071709
13800000,12824024.62101926
9900000,9764061.665197859
3600000,4143703.646182628
3000000,3543129.3432310917
13000000,13379582.524052903
1975000,1983007.9975192547
7250000,7628271.983989228
3495000,19836442.30595216
7850000,7054776.24587789
19500000,19303813.343104187
7100000,6467381.052553544
3300000,4803308.646530916
1430000,2752236.98535333
17700000,15766584.239094337
6475000,5893381.681332357
38000000,40027827.49858427
9150000,9443535.856532363
3500000,3669895.1588228205
2600000,3036868.7100765184
42000000,48982879.48850614
23500000,21782040.608524594
24000000,21563312.752574556
2800000,1665279.247684417
16200000,13213228.685247654
9549000,9327332.773522008
10950000,10765205.879183887
3650000,1993002.0287198976
62000000,71519176.1769783
3295000,2975985.9732800485
6000000,6163886.198295731
9300000,9685008.782609807
1550000,1910928.3679491964
34000000,33186907.665736523
4800000,7468072.223442116
5750000,4548000.938690541
6475000,5510488.703193221
4500000,4478101.457295815
15100000,14683413.237196362
58000000,58597870.647699006
41000000,45841082.635097995
12800000,12507580.176592272
16550000,19044673.6248261
7850000,9065412.328775974
2385000,1725017.6288103678
65500000,68566849.81029855
2800000,2806982.27644018
13900000,8280883.247903178
3500000,5238264.817635015
2700000,2304809.37992145
1250000,973455.3970800771
7450000,7327670.111034075
8175000,8279440.447407487
3900000,3812600.557332458
3900000,3066425.873187845
32500000,37204217.59904775
4750000,9730685.763668
14200000,14174904.810063703
29900000,29647490.99541206
11075000,11903367.92504489
15000000,15163980.316023896
7490000,7630136.596653539
3250000,10732155.257371483
13850000,14627170.987811374
6800000,6486045.644624123
8000000,7475771.641226816
52500000,48006219.729481004
5025000,6767569.250075235
6950000,6903710.608348167
5475000,20534880.188809622
7395000,7342770.074355315
21000000,23847864.91579269
2250000,1157672.4268007062
7590000,7337748.383165309
10650000,9494462.643786509
4550000,4282106.976791529
15000000,14386768.274016634
11000000,10781986.573026124
925000,796406.0735158878
21500000,20827404.5204531
7650000,8035627.833262168
1900000,2706689.2439852883
8475000,9448476.692078479
22500000,23417287.19241762
15900000,11527721.713538729
700000,1214660.985818481
28990000,27537536.235930063
7080000,6299697.833594058
2900000,3432237.909204057
500000,1397046.0920789347
10700000,10022157.994180495
6985000,7485789.187392367
23400000,23319153.801254127
8075000,8058143.525023374
1175000,448015.60698456084
6100000,5315729.461971584
1500000,2205940.0171935773
28900000,28066424.225081164
68500000,72477859.25084558
2265000,2325277.281812816
1500000,5072682.4884542
7750000,8435569.366134834
14940000,13723232.037576132
1030000,736741.0694300551
3890000,3637533.8995023672
19200000,5735679.076856552
4300000,3881575.3968980107
1000000,978577.127219146
5575000,3096020.177932855
3635000,3672676.098378924
6950000,6570836.6614128975
7980000,5890193.459175498
16495000,16047395.791928986
21000000,21070583.269842114
980000,1855208.8240918124
2200000,3743090.622191249
13500000,12112752.472086554
9850000,9943856.637157401
26000000,24982866.90334365
98500000,95490901.9864875
1000000,873947.2642451846
55000000,56082758.65400105
8000000,8143819.989938953
5100000,4521245.091962971
9150000,9217215.613662085
820000,751928.1744447136
4875000,7210874.437580054
11800000,11538140.115193365
87500000,81554617.08467501
13450000,13823574.59801129
7990000,7877679.040802178
29450000,29865784.499727756
23000000,30228316.36814024
9800000,9480183.349403081
7100000,6690499.81918351
670000,895742.3316804876
41200000,55599459.988183625
3900000,4435164.730949313
3275000,3286788.9351111855
22900000,23391107.79625772
3850000,2681165.1137346043
9950000,9417404.62238013
3625000,3531813.748765117
4990000,4659891.117209445
15250000,14700932.467314664
1850000,1453368.599657094
11700000,10589550.290990725
31500000,36045764.18767052
4975000,4710580.635609112
19250000,21773036.804426935
43500000,45633613.72433604
1240000,4677421.252242006
10600000,11151160.893626992
1300000,1155299.9641850265
19500000,21237646.001194216
43500000,39812248.43911642
5500,759326.2555102392
1750000,2124335.7590049226
7300000,6498411.174251694
65500000,67870454.37332864
9850000,10227400.017698746
6800000,7102639.016381134
65000,477270.68008916854
975000,1535332.0865685723
16000000,14379042.63317905
7650000,6390525.331775206
3900000,3570104.578350045
6790000,7073691.721849422
22400000,22647725.89817984
6800000,8193066.82253324
4800000,4197588.58899127
27000000,31146948.300901785
31000000,42517237.2959929
1125000,2580691.670314268
12500000,8780617.745936638
1850000,2543405.601322725
13200000,12912459.49050057
3050000,2902116.8433910096
1300000,1531016.03116102
21650000,20858055.42053904
1050000,1766829.4189948414
750000,815442.6773120034
87500000,74654143.21072942
9300000,8111435.354525549
36790000,38010991.7918715
800000,878687.4113956332
20700000,21072082.667591624
1080000,3747576.212969908
7250000,7010760.737051813
10950000,12992934.609215377
21000000,19354639.157827716
3575000,3306051.7652461403
13900000,10672828.900485447
3175000,2990535.7334029395
10800000,12350556.765149727
650000,860949.9582977382
37000000,29688333.758933194
11175000,10762679.943581311
8875000,7891849.88327286
3850000,4974026.767057297
5695000,5898564.29267741
1990000,3367979.059822077
7425000,8138253.916851566
9800000,11954426.273913907
31500000,33621200.51112524
4700000,4450164.621757963
48990000,45940243.75452588
9150000,8013242.272062873
13000000,13646385.87725028
590000,936883.4601070626
15900000,15191752.23046563
2975000,3891832.568111852
2600000,4941204.579713103
7450000,7625829.443661384
17150000,16323825.563866522
28000000,28977842.640095197
4250000,3561215.4300769563
37500000,35569193.89199412
5300000,3533709.555900544
1650000,2597119.0582351135
710000,895931.584745165
6800000,7507334.101892458
4825000,5319654.861902544
13800000,13919804.577356637
500000,816512.4630904066
1325000,999081.3333185983
2375000,3578048.593214133
10900000,10547773.508810911
2290000,2374432.244379166
925000,816924.9829509088
12200000,9876751.327553993
2950000,1487119.58178331
3190000,2787126.3429782996
19200000,19011543.560887888
1375000,1208157.5842722189
13000000,13645490.81698563
16590000,15096531.230063578
22500000,22613844.62672186
7950000,21121925.076311886
28500000,28868542.673973203
4350000,3380209.5581642976
6850000,8187816.513942121
1675000,3511492.6062731626
76500000,71240174.09341271
5800000,5418602.24258866
850000,1013083.0352524903
5500000,4861582.312897244
1175000,1383277.139061057
18950000,15293622.223090496
5400000,8290360.843453662
1575000,3456020.5692340326
7580000,8273505.925680687
9600000,9182780.879341131
10350000,10501752.944242397
4590000,5536047.711632149
2975000,2859338.6986332536
780000,884094.2298581614
12300000,13568712.763808789
10500000,13303996.93796172
11500000,17080037.714108925
1050000,1468587.318635654
28500000,23080432.057041496
9000000,9133490.478173802
25000000,21217199.76634749
9500000,13273867.065628933
28500000,28066424.225081164
2475000,1459305.7904281178
3590000,3784003.8759961566
16750000,18196798.8577431
980000,968830.9752167435
1175000,925752.4708746276
5850000,1938463.3297999785
6700000,7873002.469028266
1050000,845966.2204612418
8075000,8357959.884218422
7990000,9180846.097658468
2625000,1513389.623571662
7925000,8475719.016864726
1975000,1864788.5415805897
11000000,9644451.745917747
1200000,2052294.9789955756
3095000,1777549.4142918494
3600000,3502776.594149355
9525000,9182780.879341131
27500000,27452805.22533285
29700000,28385915.15847609
10200000,9838164.722052466
2425000,2234490.2421885803
5650000,12054715.322038997
51900000,55065493.7857098
22500000,20655990.263236005
68500000,64503654.32101703
13500000,11010369.824883595
20000000,22809664.427895907
3350000,4229781.346314598
2490000,2798233.382259541
5650000,4248951.375070991
5600000,6090987.130114457
28800000,23127598.48227966
27500000,27019921.199279975
11400000,10870485.588320173
13500000,9192286.092711776
24500000,28421254.282477785
28950000,30937078.26916911
7650000,6968579.284752735
10500000,8842741.756958267
825000,1362215.0977277271
41000000,41007628.492919266
7150000,6936989.135945659
17500000,16843084.62399782
3875000,3079929.504110253
1800000,1830626.8668130753
29500000,25788626.25309549
650000,1861741.9401763284
17750000,16075599.49676341
89000000,68553239.22684069
6990000,7091754.491223095
5600000,7407541.249018058
4225000,3482257.535315475
1500000,1857576.1637481805
28275000,22825817.228824146
16000000,15483257.722817542
19750000,22446247.686397236
8750000,8850694.6587617
1725000,1884855.831003161
7590000,7566849.22123575
3495000,3717692.4459877117
5350000,5471447.02006678
27500000,22680199.435043596
22950000,21960566.69856422
17500000,15696459.392059853
8500000,8342630.109715816
320000,17735300.050342526
2700000,2734130.0651685004
5450000,6124870.551696584
3790000,4926301.923603187
11550000,10625704.559779301
5800000,7655462.257432261
23000000,29812937.968330294
24500000,21832479.514048364
2875000,3886829.220402494
6090000,6049882.680037748
22200000,22293509.582521018
7600000,8391585.840600805
2475000,1968854.4971028646
9695000,8281152.51980313
31000000,29729372.037880268
4350000,4799481.747206948
21500000,22979986.529205304
17000000,16499735.05577399
8275000,8305035.14485677
72000000,21189339.914376177
21600000,19644990.977758903
10500000,7450639.697762474
4290000,4476228.86034953
1100000,1284845.3941894816
6750000,17617159.19340802
30000000,22604119.53680262
6200000,7158631.810393896
12000000,7314602.36434196
6800000,6764941.873272942
11290000,10964046.485391635
48000000,44567719.56177907
16000000,22659583.160879366
7000000,6415691.719485023
11900000,11599025.896726914
19800000,21986962.379894465
1000000,803110.5148090603
2000000,2103858.776257647
5500000,4924272.7209485555
11850000,10836451.466928339
2375000,2325277.281812816
5600000,5550005.409188461
2750000,2470834.1607297757
1830000,1948445.2001644894
8200000,7078142.221019732
7000000,7420087.04783744
6100000,6251557.679206051
11250000,12884299.39156947
8950000,10114275.332958432
36250000,35569193.89199412
3950000,4065898.821445969
56000000,44549061.85795599
33750000,35835754.269120894
610000,838393.8470827651
9590000,9362315.26849868
7425000,8062832.849037845
3425000,3187721.5050903438
3900000,3390670.095563206
15400000,16126913.43956101
7150000,7363774.9501500055
1875000,1858861.503044299
30000000,37195987.07505493
10600000,10392827.390912661
95000000,66750358.72805809
24000000,23740543.768450264
6600000,7811272.002901022
69000000,65670246.46860843
33900000,19393679.160993412
7600000,5748801.575096995
29500000,24337501.73240548
2000000,1942260.6376627544
4550000,4808298.353261994
3000000,2482353.5944002047
10600000,10279289.121783502
11800000,12907189.520944824
5150000,4511577.588253013
44000000,41799483.21923239
4275000,6979295.8430121
5900000,6940544.986868066
10500000,11776341.809085185
2250000,1854938.2127465708
40000000,33150433.494166274
7975000,7821954.997018458
9990000,10338564.879412876
31400000,27882112.68212171
750000,1961303.8873370462
7900000,11365551.154586265
4890000,4780277.671359649
16900000,15619002.236918006
1950000,1812531.2052957546
675000,857011.1180692697
1490000,1832658.1501444473
1890000,2113948.869575891
1135000,1744795.0257742195
70000000,68566849.81029855
58500000,64503654.32101703
21500000,17753901.34282131
21000000,20257494.940651264
10250000,10110212.44012164
10150000,9840492.586878486
16500000,15925714.505937997
5690000,5313639.271406818
970000,1344551.4289026146
7775000,7335328.088915596
4500000,1978596.6298307334
85000000,77884923.46193768
28000000,25060824.50424776
18900000,19337156.647354335
3375000,4362311.570080937
2200000,2275198.8961971095
25000000,28221292.85567294
13700000,15621124.862695294
790000,878227.0582853643
10900000,10683868.294554247
2750000,4266859.3515159
20500000,18739169.327034935
9600000,12901606.350005705
365000,745696.5495148036
9200000,9248590.957391052
3950000,3854169.6485437346
2920000,3339028.330499031
9700000,9410136.425687132
6950000,6403969.670770071
16500000,16604047.362164602
4300000,3565309.805194683
860000,1048631.4812647463
16500000,15692119.478398357
1350000,1814803.5508647799
18500000,16755610.403654646
24500000,22357921.258271467
7250000,6908997.41167815
3500000,1888162.4792382782
5850000,9027388.308518825
8950000,9630620.051502744
18700000,17165790.683741923
8790000,8941125.082103642
30000000,33771806.3589478
28500000,33035441.588567864
13500000,11754360.089906303
18950000,18225394.863576226
7150000,7494736.176020682
12400000,11072723.649771744
15500000,14434951.74949255
3425000,3293978.468173382
1250000,912862.0557580091
9800000,11193270.225630242
1050000,547275.2805570348
17000000,15848029.258843185
53900000,61491364.01794676
365000,896891.8924069351
57500000,65670246.46860843
80000000,76564545.80801031
9350000,9323392.643273696
18000000,16148119.818207134
10400000,10103682.933165334
7425000,7220566.237575432
7150000,7231984.873278509
12500000,10761353.327697106
9675000,10015745.346052453
19900000,13317923.44932902
7500000,7403010.664614825
7350000,6881603.800048127
48800000,46091623.29548364
4150000,3478160.033745519
12000000,13645025.50994771
6700000,8934959.188249635
3250000,3311037.1357068913
5000000,8264599.460467455
21000000,20426151.922699533
34000000,37514178.40139248
500000,897880.9599678102
15800000,14695105.701439023
5200000,7423545.176134359
675000,964486.0306309242
1860000,3088773.8383006244
7850000,6410791.314161619
3850000,3696558.723432564
4850000,4180162.258044875
1950000,2728529.4286085274
6800000,7907945.135419971
13975000,15206009.760621697
20500000,20946650.55924896
15250000,14891409.326481028
1125000,1353017.853900225
3400000,3692082.1303515444
3000000,2335525.984521189
21500000,19105489.903705087
975000,322361.2104074524
13000000,12068063.545693578
68500000,56062763.603404105
4750000,5166834.857291125
11500000,11117856.04908139
9000000,9083475.717382193
2700000,2474170.907980075
655000,1048082.3466152182
49550000,47092797.179283164
12000000,11583976.634281114
18500000,16476728.843043042
895000,1836350.2532253976
7600000,8153055.950602237
9125000,8189359.589644271
9700000,8978560.287720963
17000000,16252839.074478183
48000000,30177716.501818854
15390000,13307411.544760866
15500000,10585288.97410921
15950000,16131946.053182496
11000000,5361538.853157249
6975000,7184745.055369802
4850000,6195221.080579716
5675000,9368680.078438297
8900000,7593733.324312791
8150000,8903851.901326207
1625000,1796783.5954343993
8000000,7337989.997261964
3650000,2355240.43224687
7190000,6412874.938917033
3650000,3603127.1167339874
11700000,11770477.307184104
10500000,10470537.43149295
34800000,35586279.18857954
11500000,12367715.01897266
9600000,9128594.344503371
16300000,17108316.779626783
3100000,3007126.117437209
4200000,4325405.344103032
8950000,9217960.77762906
560000,739610.6805367394
6500000,7080643.83227227
8450000,8581174.99712217
16500000,16208133.46956717
3290000,3288444.3174570515
23750000,22826510.45465652
28500000,31146948.300901785
12000000,14335804.25381789
10850000,10664755.966559656
5300000,5570626.073818263
7990000,8603101.191333398
13500000,14292867.19552504
11900000,9298253.236223377
950000,932111.9339477473
38000000,40616345.643068224
5890000,6041138.034134351
19400000,17026664.821679734
4765000,5101568.632544037
3725000,3755271.7342811623
14700000,10568139.465672834
700000,945308.5552405645
29500000,29276517.2006027
14200000,12702546.369086357
1390000,31886249.66175668
8500000,2857372.9539832063
2695000,4130438.5544710555
12650000,12783198.108271211
36500000,33480970.372388814
26000000,29548056.834539063
3930000,3763107.2058346
2300000,2352808.072122859
6900000,11633950.604620425
7500000,7047616.289300775
23990000,28066424.225081164
43500000,40387203.504339345
24500000,23915619.873218577
46500000,50468365.04300618
23500000,22450189.82025878
1295000,3061495.9857596187
15600000,14426868.711104717
700000,486723.55426112056
36500000,33791022.34609942
13650000,13050142.914628431
14000000,19825139.179453623
7500000,6989716.310715229
1050000,1285824.6888144708
4850000,7924989.4345004205
4850000,7053184.890159633
13000000,10445910.165874917
25000000,27992443.358115856
13650000,12868091.439292993
13350000,14196454.802575259
14675000,14392958.49672008
840000,824488.5817431693
3100000,6101003.756550116
9750000,13947505.462296965
1400000,880758.4065332239
14000000,13259745.142411398
9750000,9783591.670954002
3175000,3118122.0587074724
3100000,3522699.1167716095
35000000,34422903.949367516
2250000,1246660.5050543256
15850000,18223144.05406489
8200000,8575692.529966906
13500000,13402708.963397149
73500000,74658037.74439508
2650000,2690999.0354394317
11000000,11014357.751930358
9590000,9330313.710260956
19800000,18573286.638821464
9500000,9806044.275089692
590000,675888.0254413106
3450000,3769106.5456632664
475000,692929.15166538
7500000,5088350.494996866
27500000,25329843.945140768
23990000,21782040.608524594
1150000,1294402.4759685616
6300000,6400914.230824525
12200000,10352165.296218883
51000000,45841082.635097995
12000000,11922900.797937978
7100000,7346875.894916599
23885000,27994573.11564934
19500000,22286310.427300014
2090000,2556503.7647669646
6300000,6096014.94546776
9950000,11979253.074640714
6850000,8629693.752410091
925000,1292964.8415393312
9700000,9840492.586878486
4775000,5356070.669024736
13650000,14992414.74039194
1375000,1179290.7796615197
9050000,9702818.775582392
6550000,6843680.06094559
1900000,1817195.9399261225
7650000,6794450.977242606
6500000,8314777.570611426
6990000,7042384.514233803
9750000,8509060.871036302
29200000,25813834.19298003
11000000,14399152.613729887
32000000,35814387.0033854
11200000,12030128.977798268
74500000,76552289.88753153
19500000,21347929.725945022
7350000,6883265.265154198
8000000,8780193.303623762
13560000,12907396.058366645
7850000,7968468.524396449
10600000,10684915.905330958
2790000,3313358.499099046
2850000,2934557.441424796
13600000,13021343.4073938
2850000,2974778.9147535684
11450000,13034573.13751712
15500000,14607534.019317128
22500000,23483562.3975076
11195000,10190844.497268071
18500000,18136634.35096455
1750000,2051900.1271738946
5450000,6026122.423847844
12500000,11126013.473797245
7800000,9321913.116822654
1850000,1862708.3324380177
4480000,5650485.915528328
26575000,26025335.477318134
1750000,2710177.3436429477
3250000,4204083.3547943095
22500000,20910160.179612316
10700000,11126013.473797245
22800000,21759191.01994142
685000,1091589.4425393757
9650000,9406890.691049675
24990000,27655672.265231334
5730000,6196350.457508108
7600000,8062832.849037845
54500000,62266893.36680584
4800000,4326575.000576223
9800000,9761416.859825857
7100000,8030796.04913341
15500000,15766584.239094337
985000,957595.4238812618
2225000,1794075.8520955646
8500000,9587374.845599342
9160000,9047286.423584487
13450000,12872129.402699819
99000000,99807296.7056522
16300000,18207674.366128087
3550000,3596776.1173763233
395000,716977.2677303543
8750000,12439843.807986917
4400000,4555615.430387236
21000000,20453153.27761775
2050000,2222749.673706231
11800000,16288249.385094345
23500000,38950628.46918754
13850000,14120719.437958896
11050000,11468937.63133476
5800000,10028040.015362605
3750000,3627225.834211128
860000,173806.82496252953
8000000,14153142.102154672
8800000,11420547.4458689
30000000,28381732.446757495
2550000,1938016.5020155667
20000000,18040913.897885706
2375000,2545211.0560526545
9200000,10854793.277493782
8200000,4320218.181227845
1475000,1683831.277369447
7700000,8255106.5086221015
5875000,5305317.889828704
2650000,6314098.414290358
23400000,22446247.686397236
6850000,7271377.667296978
11000000,11428863.43992921
1070000,859161.3320320661
18250000,16948153.477856632
92500000,87203288.89782411
24500000,20417308.62329542
7150000,6844401.893278609
35000000,36200281.27545379
3550000,5545651.465786827
4600000,4642977.814719605
7050000,7861824.366558162
20450000,21270960.51062365
7050000,7363774.9501500055
13600000,14064337.727030912
4350000,3991588.199344958
4240000,4555615.430387236
15400000,16045371.034831202
3900000,3720092.644966976
21500000,17585422.938588213
12800000,12949723.481040008
3875000,4298224.419733351
4490000,4685172.368067999
8500000,7991438.961320169
2550000,3589241.9159094812
5190000,5523109.239543009
3325000,4289931.9362835
33000000,36059037.96744758
34850000,31137916.310562003
6000000,5408221.640362474
9550000,9998039.198258739
9000000,11256913.362257104
7600000,6510168.8263329845
21000000,23391107.79625772
3195000,4986734.49401879
12000000,9818117.174287183
7150000,7185118.387109964
12000000,12234526.598717576
8000000,7372880.7574208975
17000000,16830175.724343948
26500000,31823075.96401156
7800000,5785478.615386982
9890000,9809666.379916305
10150000,13881001.110423222
5500000,6236324.343929862
21950000,22195327.935215235
2500000,4956597.749687511
6800000,8357625.200746973
10475000,11458937.954620019
14500000,14216866.96579622
8650000,8900005.071932489
14000000,13168033.010131765
1950000,3111004.2843669383
5875000,8056223.347801674
11000000,9331384.904277844
7150000,7199446.132860249
2820000,3283877.319816882
13000000,12329957.375603462
12300000,10725685.502624735
1350000,1340174.3218012948
9550000,10968017.393218566
67500000,67270617.57073031
8300000,8422460.849427428
14250000,11975246.127224175
750000,1567377.8492606762
22500000,23607419.862152833
87000000,91739844.22039717
6700000,6595202.884479702
83500000,77094516.37375757
3750000,3292075.1519820993
1750000,1497106.3903657442
750000,2079087.0788450998
3500000,2503558.414262944
26000000,22417732.014183868
17600000,22621854.9339018
250000,1769998.1474079965
11950000,17141515.11310562
14600000,14106405.421465982
3300000,4060585.1637741737
6750000,6592521.003473095
21800000,22684985.803125776
1900000,2065893.4568296785
1700000,1178849.4522810015
3800000,8753603.136596732
1065000,1033745.2389307998
23900000,23986463.982420336
6390000,6346173.117040317
36800000,34415888.29853697
18500000,17804426.29080111
11350000,10290453.593380624
9750000,9663191.801962137
980000,675888.0254413106
52000000,36427758.12605229
1485000,12864954.288727803
15200000,16118303.870377617
12950000,14047638.104307555
9000000,8017298.293544758
4000000,399893.1911016634
6600000,6690986.727056323
14200000,14096462.649394384
7395000,7342770.074355315
10300000,9764061.665197859
2690000,3141640.1475081677
898000,882689.5779796677
17900000,16152114.03256749
2695000,2983665.0518308487
1725000,473155.3942451741
12750000,12400698.4780976
2925000,3990779.184042321
13950000,12974384.750516428
2975000,1177509.3083820255
6590000,7856117.551744062
3475000,4304980.93865549
10800000,9473947.926850956
9850000,10381643.405773632
8050000,8126247.236163354
5725000,6613385.964849694
13000000,11038874.47263155
2895000,2811091.08495035
7350000,6736887.435305701
24900000,23816640.457102135
2700000,2783182.731052964
700000,880244.296282678
23950000,22446247.686397236
2995000,2905913.3234719234
18800000,17609860.671962425
8675000,9637217.255690012
955000,561440.1457316233
510000,813588.647186915
5800000,6141471.220028987
8890000,8867174.861036219
8000000,8983671.078629643
24000000,22211641.120394263
4475000,5193556.858862922
7650000,8202200.625624973
2560000,3273359.7682839786
13700000,12263626.271553189
17350000,16843084.62399782
7975000,9309567.739224598
6750000,6492130.665405689
7500000,675768.586690543
27000000,29812937.968330294
5200000,4517962.856500598
8200000,8264589.714505193
10470000,9716537.649026982
10400000,10993615.484939389
3200000,4280887.058890797
9390000,6977103.302184847
13750000,15977540.134400537
4450000,4997224.877467415
6750000,8778122.442900738
2475000,3094520.839229916
23200000,23033239.352212217
19790000,23607419.862152833
14000000,15090906.159631351
1565000,1724253.33270902
1790000,1358376.1850256666
1575000,-2252561.02349971
9500000,8086425.505383089
29000000,30835871.32164116
9950000,9202374.449349036
4750000,5776614.221452602
2500000,2926977.399827002
24500000,21068554.304520715
620000,1851988.6032255732
5575000,5031011.984254459
675000,1263125.1633128545
10465000,9761181.136682158
2100000,2817353.4155305265
42500000,44497135.149625644
4395000,3666737.9493404017
5790000,5556109.67008428
7425000,8049109.947380324
7075000,7058520.943703026
2140000,2329597.4395995215
5875000,5820421.002718014
6150000,5990267.8134477455
9290000,9981585.556536213
19800000,20720906.204737794
2800000,88984.31863172783
9750000,9881776.417513149
7890000,7718345.004456519
16900000,17454039.454199262
2100000,4528240.22407885
7150000,8166535.651950983
5950000,5679660.901783089
8200000,6732496.676311965
4600000,2369397.9104699967
2100000,3275646.2467291323
1200000,5268853.367727179
15350000,15723247.36786094
10850000,15738850.517707653
6800000,6648265.673037275
41200000,55599459.988183625
16300000,16286089.143709451
5250000,7075823.77345622
10890000,10657179.223655185
1450000,1338189.5867859616
9650000,9523163.889676614
880000,2229135.418203184
30000000,36303783.39894538
8300000,5752852.387980955
12950000,13581417.307107441
14800000,13832802.985278575
3325000,2408992.5648333333
6390000,7554261.0545576
62550000,56885820.63230401
995000,869644.5306117787
23590000,23080417.90934117
3050000,3823421.4356452245
15200000,14581697.184332376
13900000,11625806.508645512
24000000,22834928.46520769
2075000,2356954.5468763467
775000,746326.6632669987
6580000,6083822.720679694
6550000,6455141.524450941
10800000,13013541.916219262
18000000,16852535.958712284
4150000,3625269.6143093714
5490000,5613178.454859879
9485000,9073074.089554144
16500000,15133328.021175096
18000000,18113014.643735703
29500000,26984641.33537843
6000000,6564449.787888026
11800000,12306385.236832947
4525000,3288712.326462602
3650000,3605908.914027171
46500000,44541228.868268274
15950000,17635478.15301756
4790000,7807084.840349217
47500000,72199312.95923126
2980000,3326134.9416336007
60000000,70918277.25336713
7300000,9716491.714225238
11800000,16336487.551761976
1850000,16135055.84435014
675000,1251064.8532793901
13200000,12881518.294443157
11750000,10758167.57140891
7950000,8378498.546683071
26900000,37046852.99256202
12500000,12370876.19047882
8200000,8146448.165671676
62500000,55049619.148166515
500000,791597.0131890541
2000000,3231215.7837855425
1825000,1817195.9399261225
4790000,5510038.372766221
16000000,16582744.075620808
4100000,25341500.93178116
9750000,10249047.383545944
2650000,2925268.5322799273
5950000,4944603.581506755
32000000,31346325.93658361
1700000,2842451.1735931984
7250000,7882357.957546232
11200000,12450462.116600767
13900000,10732087.45868792
6995000,6960433.478201274
3250000,2868195.2476357454
5800000,4954251.3454082785
800000,391843.327528232
690000,5978364.4760340415
4390000,3775448.2642137897
10800000,10625704.559779301
29500000,25096562.020815592
9750000,10099495.731288513
49700000,53967762.594168894
15950000,16131946.053182496
1890000,847682.5562255436
35500000,37821963.822452635
7600000,7440567.994309683
14950000,13756387.97309888
6675000,5928737.395056453
2930000,3635804.497302963
15900000,25134281.633622397
7800000,7862508.360004785
30500000,30839139.84406191
3750000,4274634.627354611
4000000,5208364.2988148965
19000000,18167390.09794519
9790000,9706628.72103809
17000000,18338365.37588371
40000000,40420786.98157061
24000000,25809186.124192238
6000000,7288215.302252916
15500000,15640647.317797752
17000000,22227347.532098465
26200000,19616974.551076025
2425000,2807003.912374216
30000000,27748819.381610554
12500000,10984472.727407796
2350000,2298740.639170875
19000000,17775512.57130372
11900000,13130626.92573334
19500000,16880569.92232485
19650000,17309703.20974772
3290000,3025520.1554931053
16500000,16043699.507738471
10300000,9731231.454301588
21500000,14936953.23079396
750000,1534627.1760502707
7195001,6678849.079174548
2550000,6672962.142549275
3475000,2488126.800704924
18500000,18308588.367021706
11575000,12617655.504906341
18890000,17876532.931964602
10800000,11243595.584311958
2150000,3021918.8183701728
7800000,6816603.110330911
20500000,23375114.43758898
48000000,47196204.68627095
1080000,1020844.1458577483
1700000,1959581.4056635844
2510000,2293046.781591026
15500000,15415287.332708323
2500000,3062140.6581109613
11900000,12776723.023583058
2265000,1647246.6829378782
99000000,95878920.32688253
4500000,5598980.171613279
13700000,14915566.710487107
2450000,11588150.09586796
8450000,8424146.683928225
3200000,2209576.39889435
35500000,28714023.54434252
3050000,8877857.138094706
3775000,3682215.038747611
1550000,1339960.65280709
27550000,37642600.9078154
18700000,18648346.53057344
1875000,1700945.7854029012
12200000,12833398.944717905
8600000,8435908.609953078
6490000,7141043.77341802
2450000,3501439.1407141704
10500000,10612010.342285128
19500000,19325472.670010593
2750000,4654401.706894878
9650000,9832986.687730085
15950000,16538109.958671039
17250000,15370900.320113322
14400000,14156453.045937886
16200000,22636440.517043557
5500000,5241928.959527139
58000000,53894859.05690898
29500000,28790296.590866074
13000000,12500861.142704958
10850000,9752408.871519005
11000000,11424488.290591337
2300000,1883501.899011857
11075000,10226872.802141782
5375000,5911657.958303812
5450000,5172683.513256114
11200000,16007898.83584007
7700000,8560700.272889327
11400000,10160134.701167695
14650000,14097637.096804855
11700000,12304195.007476613
7395000,7218872.014878695
6750000,7070710.7851104755
26850000,21848906.866380505
8690000,8946468.918290768
5540000,5141928.219837392
1850000,3117933.634002051
8775000,8850243.655428873
43500000,48122973.2182703
2200000,2227354.1018108116
20500000,21232768.445871405
7950000,7825096.810683379
825000,910856.8587185248
6850000,7295716.198916116
7650000,7324492.543633865
9950000,9422821.545989173
22200000,22647725.89817984
10190000,10017168.697915979
780000,1153941.0551497764
3200000,4390988.883878553
15200000,16104352.252630008
8750000,16725880.653146233
50000000,53563723.38975798
650000,1109041.499594612
6800000,5301197.069120668
10575000,9769890.006301116
14000000,13119523.02706421
22750000,23093012.5860243
6800000,5471995.289133276
10375000,12460453.088753385
69500000,64114938.75403511
3500000,4366405.108563184
10390000,12034017.78193353
4250000,5272514.541454052
9890000,9809666.379916305
2550000,2101972.5053931996
4890000,6296050.453159514
69000000,69817842.77271739
13995000,12260464.99317807
7550000,7208950.388837511
25990000,24590402.78586351
980000,561440.1457316233
8500000,8400746.218293723
8900000,8999192.97439712
980000,-20609.555945398497
16375000,16160272.48339393
6925000,7564651.84002401
26500000,23090600.296091057
4500000,2667328.2440236206
7600000,9037789.748162096
1280000,948797.5973903844
650000,919237.0546662488
32200000,27473913.601557408
21899999,19982994.615374926
8200000,8372288.654211978
5890000,6008122.866851479
8500000,7594661.049654351
18300000,19203912.704160143
8500000,11273923.920801995
2490000,2101632.231586923
25000000,48944865.04036095
6000000,6903876.540464459
675000,1353486.954040888
4575000,7563525.502592678
8575000,9037789.748162096
10590000,10862915.020629045
13885000,12849436.078961909
42500000,43354750.07429765
24800000,21226348.34517432
11990000,12604126.221083801
8500000,8832371.154261658
8950000,9228697.427312596
16900000,13626108.600684699
13390000,13240617.102418674
10800000,10935041.824484061
2200000,2579976.948800661
7950000,8188186.646517822
23000000,18688241.718654674
12350000,13539591.183898095
32500000,22873000.775099408
2650000,-1068020.9573477965
7860000,8019929.107458571
8050000,8238081.913062335
11950000,12551034.787270088
23000000,22397122.716848664
7150000,7547505.372462026
8600000,8555244.756938275
3650000,3788631.2306944774
490000,753067.7729332432
3600000,3817796.7474848772
11000000,11477251.852866933
2850000,2992626.7822877876
3800000,2126875.9154034187
2600000,3852926.708316366
7500000,7238965.654634016
850000,1002000.8831536245
27400000,25495846.534823414
5900000,6367009.856215183
65500000,63655760.34570034
430000,940702.5846373714
63700000,35958803.52419961
8190000,8846258.452659389
59500000,54588031.67868073
11595000,12225759.165418625
22500000,24242370.185145486
26500000,24575085.15182385
9850000,8256303.904595494
34500000,37821963.822452635
25000000,27637310.031242788
1550000,3168619.7705756184
500000,1983495.970174229
27000000,27258631.253587384
18500000,19911342.2282833
6500000,7098977.81347843
7500000,7403768.082410099
975000,1201973.6336461238
21000000,28410688.3276171
